frame,hip_x,hip_y,hip_z,hip_parent,hip_abdomen,hip_lButtock,hip_rButtock,abdomen_x,abdomen_y,abdomen_z,abdomen_parent,abdomen_chest,chest_x,chest_y,chest_z,chest_parent,chest_lCollar,chest_neck,chest_rCollar,neck_x,neck_y,neck_z,neck_parent,neck_neck1,neck1_x,neck1_y,neck1_z,neck1_parent,neck1_head,head_x,head_y,head_z,head_parent,rCollar_x,rCollar_y,rCollar_z,rCollar_parent,rCollar_rShldr,rShldr_x,rShldr_y,rShldr_z,rShldr_parent,rShldr_rForeArm,rForeArm_x,rForeArm_y,rForeArm_z,rForeArm_parent,rForeArm_rHand,rHand_x,rHand_y,rHand_z,rHand_parent,lCollar_x,lCollar_y,lCollar_z,lCollar_parent,lCollar_lShldr,lShldr_x,lShldr_y,lShldr_z,lShldr_parent,lShldr_lForeArm,lForeArm_x,lForeArm_y,lForeArm_z,lForeArm_parent,lForeArm_lHand,lHand_x,lHand_y,lHand_z,lHand_parent,rButtock_x,rButtock_y,rButtock_z,rButtock_parent,rButtock_rThigh,rThigh_x,rThigh_y,rThigh_z,rThigh_parent,rThigh_rShin,rShin_x,rShin_y,rShin_z,rShin_parent,rShin_rFoot,rFoot_x,rFoot_y,rFoot_z,rFoot_parent,lButtock_x,lButtock_y,lButtock_z,lButtock_parent,lButtock_lThigh,lThigh_x,lThigh_y,lThigh_z,lThigh_parent,lThigh_lShin,lShin_x,lShin_y,lShin_z,lShin_parent,lShin_lFoot,lFoot_x,lFoot_y,lFoot_z,lFoot_parent,
0,0.5698,92.7853,14.2309,0,90.3341,39.5202,151.606,0,0,0,90.3341,0.360452,0,0,0,0.360452,14.0707,3.26225,14.0707,9.0823,2.2642,2.0614,3.26225,31.1041,0,0,0,31.1041,0,-13.3322,12.3149,-4.945,0,0,0,0,14.0707,96.6539,-14.1784,63.849,6.6011,96.6539,57.1057,-11.7941,46.3347,-23.1152,57.1057,54.2603,-6.0734,-3.6901,-3.2154,54.2603,0,0,0,14.0707,96.6539,8.4804,-15.2527,-55.9771,96.6539,48.6267,-18.3118,-50.5542,21.9516,48.6267,59.6538,-3.4637,3.1429,2.6816,59.6538,0,0,0,151.606,111.594,-4.5736,3.5193,5.5275,111.594,58.0317,33.2307,30.733,-101.059,58.0317,101.762,-10.3402,-6.57,-5.4351,101.762,0,0,0,39.5202,111.594,-8.4773,0.1206,0.5293,111.594,61.7423,21.6821,-1.0071,3.7022,61.7423,29.4299,-12.7056,18.8232,16.979,29.4299,
1,0.5667,92.2744,14.1526,0,90.3535,39.9031,151.404,0,0,0,90.3535,0.360994,0,0,0,0.360994,14.0707,3.26225,14.0707,9.0323,2.2517,2.05,3.26225,31.054,0,0,0,31.054,0,-13.2588,12.2471,-4.9178,0,0,0,0,14.0707,96.6539,-14.1004,63.4975,6.5648,96.6539,56.7555,-11.7292,46.0795,-22.9879,56.7555,53.9513,-6.0399,-3.6698,-3.1977,53.9513,0,0,0,14.0707,96.6539,8.4337,-15.1687,-55.6689,96.6539,48.3014,-18.211,-50.2758,21.8307,48.3014,59.3036,-3.4446,3.1256,2.6668,59.3036,0,0,0,151.404,111.594,-4.5484,3.5,5.497,111.594,58.0044,33.0477,30.5638,-100.502,58.0044,101.335,-10.2833,-6.5339,-5.4052,101.335,0,0,0,39.9031,111.594,-8.4307,0.12,0.5263,111.594,61.6957,21.5627,-1.0015,3.6819,61.6957,29.3093,-12.6356,18.7195,16.8855,29.3093,
2,0.5661,92.186,14.139,0,90.3568,39.9695,151.368,0,0,0,90.3568,0.35882,0,0,0,0.35882,14.0707,3.26213,14.0707,9.0236,2.2496,2.0481,3.26213,31.0453,0,0,0,31.0453,0,-13.2461,12.2354,-4.9131,0,0,0,0,14.0707,96.6539,-14.0869,63.4366,6.5585,96.6539,56.6948,-11.7179,46.0354,-22.9659,56.6948,53.8979,-6.0341,-3.6663,-3.1946,53.8979,0,0,0,14.0707,96.6539,8.4257,-15.1541,-55.6156,96.6539,48.2451,-18.1936,-50.2277,21.8098,48.2451,59.2431,-3.4413,3.1226,2.6643,59.2431,0,0,0,151.368,111.594,-4.544,3.4966,5.4918,111.594,57.9997,33.0161,30.5345,-100.406,57.9997,101.261,-10.2734,-6.5276,-5.4,101.261,0,0,0,39.9695,111.594,-8.4226,0.1198,0.5258,111.594,61.6876,21.5421,-1.0006,3.6783,61.6876,29.2885,-12.6235,18.7016,16.8693,29.2885,
3,2.0911,90.7205,14.1481,0,91.0272,41.065,151.569,0,0,0,91.0272,0.360452,0,0,0,0.360452,14.0707,3.26219,14.0707,8.6817,1.984,1.8559,3.26219,30.7025,0,0,0,30.7025,0,-12.9766,11.0642,-4.3679,0,0,0,0,14.0707,96.6539,-9.2519,64.7308,7.2376,96.6539,57.2306,-12.1629,46.715,-23.0053,57.2306,54.6602,-6.0123,-3.6659,-3.202,54.6602,0,0,0,14.0707,96.6539,6.59,-17.4265,-53.3283,96.6539,46.004,-16.892,-49.466,20.5105,46.004,57.3771,-3.4439,3.1249,2.681,57.3771,0,0,0,151.569,111.594,-4.9594,3.4233,6.0019,111.594,58.4511,32.278,25.8152,-85.657,58.4511,89.2927,-10.2361,-5.5187,-5.413,89.2927,0,0,0,41.065,111.594,-9.2682,0.1199,0.5262,111.594,62.5332,20.5035,-0.8459,4.166,62.5332,28.2998,-12.223,15.8112,16.9456,28.2998,
4,5.944,89.6593,14.1523,0,92.754,41.5424,153.572,0,0,0,92.754,0.360452,0,0,0,0.360452,14.0707,3.26231,14.0707,8.2189,1.5874,1.504,3.26231,30.2359,0,0,0,30.2359,0,-12.3975,9.1549,-3.3687,0,0,0,0,14.0707,96.6539,-1.4056,66.7706,8.3321,96.6539,58.4558,-12.8734,47.7747,-23.0486,58.4558,55.8505,-5.9592,-3.6571,-3.2103,55.8505,0,0,0,14.0707,96.6539,3.6095,-25.538,-45.1292,96.6539,39.9745,-12.9713,-48.809,16.5906,39.9745,53.4587,-3.4462,3.1271,2.6899,53.4587,0,0,0,153.572,111.594,-5.7535,7.4009,7.5237,111.594,59.3712,30.6742,13.4118,-47.0952,59.3712,58.498,-10.1256,-2.8671,-5.4293,58.498,0,0,0,41.5424,111.594,-11.9714,0.12,-0.0583,111.594,65.2347,17.4348,-0.4395,3.8846,65.2347,25.214,-11.1578,8.2144,17.054,25.214,
5,9.1343,91.9977,13.3129,0,93.9356,38.906,156.76,0,0,0,93.9356,0.359365,0,0,0,0.359365,14.0707,3.26213,14.0707,8.2287,1.5905,1.3234,3.26213,30.2404,0,0,0,30.2404,0,-12.085,8.9787,-2.7922,0,0,0,0,14.0707,96.6539,-1.0388,66.8384,8.3798,96.6539,58.4984,-12.9013,47.8045,-23.0412,58.4984,55.8824,-5.9304,-3.6445,-3.2096,55.8824,0,0,0,14.0707,96.6539,1.3665,-35.0784,-35.1735,96.6539,36.8022,-9.6024,-50.0063,13.2205,36.8022,52.1026,-4.4482,3.1279,2.6737,52.1026,0,0,0,156.76,111.594,-6.7747,14.0472,8.3032,111.594,60.4534,28.6021,2.1118,-12.8915,60.4534,37.9563,-10.0211,-0.4515,-5.4278,37.9563,0,0,0,38.906,111.594,-16.3228,-0.4979,-2.1119,111.594,69.6106,14.4879,-0.0692,2.2249,69.6106,22.134,-10.1837,1.2934,17.0521,22.134,
6,10.9204,92.019,11.0576,0,94.8013,38.0496,158.306,0,0,0,94.8013,0.360452,0,0,0,0.360452,14.0707,3.26219,14.0707,7.7927,1.3275,0.9374,3.26219,29.8001,0,0,0,29.8001,0,-12.0226,8.2427,-1.12,0,0,0,0,14.0707,96.6539,4.9549,64.6104,9.9744,96.6539,56.1336,-14.8887,49.6104,-24.7139,56.1336,59.1159,-5.9289,-3.6442,-3.2108,59.1159,0,0,0,14.0707,96.6539,-3.4042,-35.0956,-32.4211,96.6539,33.3959,-10.7583,-50.6629,14.1462,33.3959,53.4068,-6.9543,3.1278,2.6825,53.4068,0,0,0,158.306,111.594,-9.4527,13.6819,6.8018,111.594,62.9796,25.1854,-1.9145,-0.4305,62.9796,32.7697,-9.9829,0.4093,-5.4245,32.7697,0,0,0,38.0496,111.594,-21.2174,-1.4989,-3.7816,111.594,74.5551,12.8297,0.0627,2.3906,74.5551,20.4868,-9.8356,-1.1726,17.0285,20.4868,
7,14.1152,87.5892,9.6693,0,96.1823,40.6881,158.873,0,0,0,96.1823,0.359909,0,0,0,0.359909,14.0707,3.26213,14.0707,6.58,0.3079,-0.0405,3.26213,28.5877,0,0,0,28.5877,0,-11.7891,4.6301,2.676,0,0,0,0,14.0707,96.6539,31.5903,61.6671,15.6411,96.6539,57.2922,-22.0388,57.1899,-28.7185,57.2922,70.8433,-5.9338,-3.6688,-3.227,70.8433,0,0,0,14.0707,96.6539,-7.5067,-27.3868,-35.6152,96.6539,28.9643,-14.0044,-50.7837,17.0207,28.9643,55.7819,-9.4866,3.1276,2.7854,55.7819,0,0,0,158.873,111.594,-13.0643,9.1994,5.3496,111.594,66.4866,20.7613,-1.6951,2.4887,66.4866,28.5679,-9.9714,0.3624,-5.4308,28.5679,0,0,0,40.6881,111.594,-25.3862,-2.9022,-2.8212,111.594,78.6887,11.9516,0.0555,4.1846,78.6887,19.8147,-9.7313,-1.0382,17.0667,19.8147,
8,18.0784,84.532,10.4763,0,97.0623,42.5852,158.908,0,0,0,97.0623,0.360452,0,0,0,0.360452,14.0707,3.26225,14.0707,5.8584,-0.5606,-1.3996,3.26225,27.8912,0,0,0,27.8912,0,-11.3349,2.0578,6.7132,0,0,0,0,14.0707,96.6539,61.4637,54.063,27.4887,96.6539,65.8651,-29.7924,68.3454,-32.46,65.8651,86.1383,-6.1893,-3.7293,-3.2556,86.1383,0,0,0,14.0707,96.6539,-6.1648,-24.1866,-36.8072,96.6539,28.8796,-16.3367,-53.9352,19.3358,28.8796,60.5506,-11.4414,3.1275,3.0286,60.5506,0,0,0,158.908,111.594,-14.7018,8.6878,5.0457,111.594,68.1036,16.5806,-0.591,4.3718,68.1036,24.7561,-9.9519,0.1264,-5.4317,24.7561,0,0,0,42.5852,111.594,-28.2405,-5.1915,-1.6624,111.594,81.514,12.8306,0.0194,5.4803,81.514,20.9138,-9.5483,-0.362,17.076,20.9138,
9,19.4868,83.4455,11.1653,0,96.7449,42.7817,158.308,0,0,0,96.7449,0.359365,0,0,0,0.359365,14.0707,3.26225,14.0707,5.9105,-0.7288,-2.4167,3.26225,27.9993,0,0,0,27.9993,0,-10.8497,3.3493,9.4898,0,0,0,0,14.0707,96.6539,77.8073,44.3182,38.7827,96.6539,70.8816,-33.0725,76.3409,-35.0723,70.8816,96.1121,-6.7008,-3.8059,-3.286,96.1121,0,0,0,14.0707,96.6539,-5.0834,-24.7678,-35.2955,96.6539,28.3531,-18.7538,-56.7284,21.6115,28.3531,65.0985,-12.4419,3.1275,3.3226,65.0985,0,0,0,158.308,111.594,-13.9468,10.5677,4.0683,111.594,67.2936,13.1878,0.041,6.0332,67.2936,21.907,-9.9408,-0.0088,-5.4287,21.907,0,0,0,42.7817,111.594,-29.1248,-6.0943,-2.3102,111.594,82.4096,14.2979,-0.0013,6.8176,82.4096,22.6403,-9.4451,0.0251,17.0567,22.6403,
10,18.3571,81.0975,10.7435,0,96.2183,43.8896,156.72,0,0,0,96.2183,0.360452,0,0,0,0.360452,14.0707,3.26225,14.0707,6.0509,-0.3171,-2.3038,3.26225,28.1413,0,0,0,28.1413,0,-10.6996,5.9586,10.219,0,0,0,0,14.0707,96.6539,86.3347,43.3958,37.755,96.6539,70.1463,-32.2581,79.3591,-36.8101,70.1463,99.1778,-6.8619,-3.8469,-3.3132,99.1778,0,0,0,14.0707,96.6539,-5.7432,-21.9137,-35.7576,96.6539,27.2952,-19.7801,-55.2293,22.3205,27.2952,64.5277,-10.8021,3.1275,3.5315,64.5277,0,0,0,156.72,111.594,-11.9922,11.1829,2.2159,111.594,65.2681,10.8333,0.1675,6.7672,65.2681,19.953,-9.9433,-0.0358,-5.43,19.953,0,0,0,43.8896,111.594,-28.3747,-5.1729,-3.4571,111.594,81.6935,15.3325,-0.0055,8.0302,81.6935,23.9506,-9.4709,0.1026,17.0634,23.9506,
11,16.985,78.0431,10.4581,0,95.7895,45.7173,154.634,0,0,0,95.7895,0.360994,0,0,0,0.360994,14.0707,3.26231,14.0707,6.1699,0.5162,-1.7149,3.26231,28.2363,0,0,0,28.2363,0,-11.0167,7.355,9.4431,0,0,0,0,14.0707,96.6539,95.2254,43.1191,33.9281,96.6539,66.9475,-26.9283,82.9242,-37.1671,66.9475,99.2195,-6.5357,-3.8331,-3.3331,99.2195,0,0,0,14.0707,96.6539,-3.0955,-18.5561,-39.5059,96.6539,30.4075,-17.3265,-52.4453,20.1084,30.4075,59.9569,-7.6748,3.1275,3.6218,59.9569,0,0,0,154.634,111.594,-9.8907,11.6521,0.73,111.594,63.1359,9.331,0.094,7.4021,63.1359,18.8464,-9.941,-0.0201,-5.4315,18.8464,0,0,0,45.7173,111.594,-27.7979,-4.6845,-4.4171,111.594,81.1544,17.2198,-0.0031,8.6245,81.1544,25.911,-9.4485,0.0576,17.0742,25.911,
12,16.5207,75.9802,11.1713,0,95.4264,46.9748,153.062,0,0,0,95.4264,0.359909,0,0,0,0.359909,14.0707,3.26219,14.0707,6.4001,1.4151,-1.5392,3.26219,28.4678,0,0,0,28.4678,0,-11.5237,7.8795,8.7813,0,0,0,0,14.0707,96.6539,102.506,35.9701,35.2183,96.6539,61.456,-15.6348,88.6564,-36.6049,61.456,96.6464,-6.1842,-3.785,-3.3479,96.6464,0,0,0,14.0707,96.6539,1.3714,-18.2281,-43.203,96.6539,35.098,-12.7901,-48.9038,15.7691,35.098,53.0978,-6.5424,3.1275,3.6592,53.0978,0,0,0,153.062,111.594,-7.9696,13.2348,0.2867,111.594,61.2044,8.8145,0.0181,8.1594,61.2044,18.7368,-9.9364,-0.0039,-5.4302,18.7368,0,0,0,46.9748,111.594,-27.2093,-4.8696,-5.2747,111.594,80.607,19.3044,-0.0006,8.9601,80.607,27.9865,-9.4047,0.0111,17.0665,27.9865,
13,16.5593,73.9207,12.4212,0,95.4092,48.3902,151.797,0,0,0,95.4092,0.360452,0,0,0,0.360452,14.0707,3.26219,14.0707,6.5222,2.0766,-1.4819,3.26219,28.5934,0,0,0,28.5934,0,-11.7527,8.1852,8.4774,0,0,0,0,14.0707,96.6539,105.089,31.576,34.3285,96.6539,56.3112,-1.4685,95.9162,-37.9603,56.3112,93.1259,-5.9848,-3.7011,-3.3375,93.1259,0,0,0,14.0707,96.6539,3.9201,-18.8789,-45.2888,96.6539,37.9848,-8.1937,-43.6404,10.9732,37.9848,44.9163,-7.3392,3.1275,3.5189,44.9163,0,0,0,151.797,111.594,-5.8566,14.3292,0.2206,111.594,59.086,9.5039,-0.0114,7.8442,59.086,19.1989,-9.9375,0.0024,-5.43,19.1989,0,0,0,48.3902,111.594,-25.857,-4.2609,-5.892,111.594,79.2912,21.0977,0.0004,9.2328,79.2912,29.7687,-9.4163,-0.007,17.0641,29.7687,
14,16.2223,71.5505,12.7578,0,95.7188,50.1482,150.614,0,0,0,95.7188,0.360452,0,0,0,0.360452,14.0707,3.26225,14.0707,6.4994,2.4358,-1.5034,3.26225,28.5759,0,0,0,28.5759,0,-11.5831,8.3039,8.1982,0,0,0,0,14.0707,96.6539,104.723,30.8671,30.4201,96.6539,52.007,8.0384,101.064,-40.2345,52.007,90.2939,-5.8466,-3.5847,-3.2806,90.2939,0,0,0,14.0707,96.6539,3.6304,-18.6719,-46.2184,96.6539,38.7041,-6.8521,-39.7762,9.0091,38.7041,40.2364,-8.1056,3.1275,3.0709,40.2364,0,0,0,150.614,111.594,-4.0465,14.6496,0.0821,111.594,57.2736,10.4363,-0.0114,7.1048,57.2736,19.7252,-9.9386,0.0024,-5.4309,19.7252,0,0,0,50.1482,111.594,-25.4827,-2.7639,-6.3409,111.594,78.9446,23.177,0.0004,9.3476,78.9446,31.7876,-9.426,-0.007,17.0701,31.7876,
15,15.9391,69.5782,12.2297,0,96.3349,51.7602,149.905,0,0,0,96.3349,0.360452,0,0,0,0.360452,14.0707,3.26219,14.0707,6.0071,3.2745,-1.4727,3.26219,28.0906,0,0,0,28.0906,0,-13.0397,9.5383,6.7993,0,0,0,0,14.0707,96.6539,85.4715,21.5445,33.0261,96.6539,44.4349,7.9356,90.4491,-35.6068,44.4349,83.0306,-5.5974,-3.2982,-3.2819,83.0306,0,0,0,14.0707,96.6539,1.9985,-15.0386,-42.889,96.6539,34.3181,-9.2877,-37.0083,8.1386,34.3181,37.764,-8.1446,2.8664,2.9612,37.764,0,0,0,149.905,111.594,-3.2386,14.8371,0.3777,111.594,56.4668,10.6842,-0.0043,6.5356,56.4668,19.7341,-9.9367,0.0009,-5.4307,19.7341,0,0,0,51.7602,111.594,-26.6878,-1.8902,-7.0384,111.594,80.1913,24.8479,0.0001,9.3684,80.1913,33.3978,-9.4084,-0.0027,17.069,33.3978,
16,15.9084,67.4916,12.2353,0,97.0782,53.545,149.128,0,0,0,97.0782,0.359909,0,0,0,0.359909,14.0707,3.26225,14.0707,4.7695,5.1766,-0.6922,3.26225,26.7982,0,0,0,26.7982,0,-17.3461,12.6742,3.453,0,0,0,0,14.0707,96.6539,36.5439,2.5412,45.7818,96.6539,38.8969,-0.5295,64.4018,-24.4286,38.8969,65.3518,-5.1802,-2.7418,-3.4251,65.3518,0,0,0,14.0707,96.6539,3.1136,-8.1076,-36.0441,96.6539,27.1786,-9.6371,-31.961,3.1295,27.1786,31.0219,-7.6363,2.1798,3.6328,31.0219,0,0,0,149.128,111.594,-2.8936,15.5877,0.87,111.594,56.1239,11.3731,0,4.8577,56.1239,19.8329,-9.9366,0,-5.4302,19.8329,0,0,0,53.545,111.594,-27.6809,-1.3742,-7.6192,111.594,81.2216,26.5197,0,8.6901,81.2216,34.8722,-9.4071,0,17.066,34.8722,
17,16.114,64.5732,13.2954,0,97.9327,56.0974,147.638,0,0,0,97.9327,0.360994,0,0,0,0.360994,14.0707,3.26219,14.0707,2.8999,6.8664,-0.4673,3.26219,24.9081,0,0,0,24.9081,0,-17.261,15.7165,12.1046,0,0,0,0,14.0707,96.6539,10.7757,-4.6545,52.9375,96.6539,45.0665,-6.7341,52.7024,-19.9632,45.0665,56.3134,-4.7665,-2.2508,-3.5267,56.3134,0,0,0,14.0707,96.6539,5.3811,-2.1619,-33.0095,96.6539,24.9363,-8.343,-26.9834,-2.0843,24.9363,24.5245,-6.6628,1.5217,4.3587,24.5245,0,0,0,147.638,111.594,-3.0309,17.2037,0.429,111.594,56.247,13.5177,0.0011,2.2805,56.247,21.37,-9.9375,-0.0002,-5.4306,21.37,0,0,0,56.0974,111.594,-28.5117,0.2027,-7.887,111.594,82.0667,28.9441,0,7.2711,82.0667,37.0001,-9.4163,0.0007,17.0681,37.0001,
18,17.0181,61.6785,14.6051,0,99.1626,58.9249,146.201,0,0,0,99.1626,0.359909,0,0,0,0.359909,14.0707,3.26207,14.0706,1.3198,7.504,-1.2774,3.26207,23.437,0,0,0,23.437,0,-12.389,17.0696,29.8643,0,0,0,0,14.0706,96.6539,26.0231,2.642,50.2512,96.6539,42.8688,-6.8145,62.1198,-25.1305,42.8688,66.4758,-4.5894,-2.0755,-3.5069,66.4758,0,0,0,14.0707,96.6539,6.0746,1.617,-34.3427,96.6539,27.108,-9.1079,-24.7742,-3.6271,27.108,22.0472,-5.2443,1.2502,4.6315,22.0472,0,0,0,146.201,111.594,-3.8937,18.3107,-0.4845,111.594,57.0994,15.3398,0.0007,0.466,57.0994,22.9953,-9.9371,-0.0001,-5.4307,22.9953,0,0,0,58.9249,111.594,-29.6498,1.502,-8.2855,111.594,83.2278,31.0234,0,6.4249,83.2278,38.9376,-9.412,0.0004,17.069,38.9376,
19,18.0541,60.0559,14.8953,0,100.353,60.7695,145.647,0,0,0,100.353,0.360452,0,0,0,0.360452,14.0707,3.26219,14.0707,1.6487,7.5178,-1.3804,3.26219,23.7775,0,0,0,23.7775,0,-13.9737,16.631,27.456,0,0,0,0,14.0707,96.6539,24.6196,2.7595,52.7845,96.6539,45.3124,-10.7209,63.9361,-27.5081,45.3124,70.7375,-4.7992,-2.0954,-3.5566,70.7375,0,0,0,14.0707,96.6539,7.8905,5.1572,-34.7866,96.6539,28.6231,-9.1191,-22.8856,-4.0156,28.6231,20.1002,-4.5549,1.2848,4.7114,20.1002,0,0,0,145.647,111.594,-4.9848,18.0873,-0.0892,111.594,58.1922,15.4301,0.0001,-0.8886,58.1922,23.0416,-9.9367,0,-5.4304,23.0416,0,0,0,60.7695,111.594,-30.2834,0.8954,-8.455,111.594,83.8732,31.6097,0,6.3319,83.8732,39.5061,-9.4079,0,17.0674,39.5061,
20,19.1976,58.504,14.3733,0,101.596,62.6025,145.096,0,0,0,101.596,0.359365,0,0,0,0.359365,14.0707,3.26219,14.0707,3.0958,7.369,-1.0273,3.26219,25.163,0,0,0,25.163,0,-20.4135,15.4513,10.6163,0,0,0,0,14.0707,96.6539,2.5311,-3.3636,61.1773,96.6539,53.147,-19.9104,55.3023,-24.8,53.147,66.043,-5.1999,-2.1746,-3.686,66.043,0,0,0,14.0707,96.6539,9.5501,8.3479,-34.6395,96.6539,29.6513,-8.6908,-21.7671,-3.2846,29.6513,19.0947,-5.2298,1.4287,4.8059,19.0947,0,0,0,145.096,111.594,-6.4004,18.0376,0.9866,111.594,59.6187,14.3543,0,-2.4618,59.6187,22.013,-9.9371,0,-5.4305,22.013,0,0,0,62.6025,111.594,-31.1512,-0.3312,-8.3689,111.594,84.7331,31.0327,0,6.8142,84.7331,38.9935,-9.412,0,17.0675,38.9935,
21,20.9144,56.2599,14.1003,0,103.199,65.1859,144.038,0,0,0,103.199,0.359365,0,0,0,0.359365,14.0707,3.26219,14.0707,4.1795,7.3226,-1.0789,3.26219,26.245,0,0,0,26.245,0,-24.0455,14.6385,0.8583,0,0,0,0,14.0707,96.6539,-5.3582,-3.4667,64.6184,96.6539,56.7254,-27.7363,50.0368,-21.8903,56.7254,62.3945,-5.4845,-2.2358,-3.765,62.3945,0,0,0,14.0707,96.6539,7.4416,9.8472,-35.6213,96.6539,31.3324,-10.3011,-23.9556,-1.2564,31.3324,21.7751,-6.4966,1.5357,4.9057,21.7751,0,0,0,144.038,111.594,-8.1462,18.4975,1.0711,111.594,61.363,12.9792,0,-3.4922,61.363,20.738,-9.9371,0,-5.4306,20.738,0,0,0,65.1859,111.594,-32.3706,-1.3808,-8.5928,111.594,85.9662,29.5447,0,8.1741,85.9662,37.727,-9.4125,0,17.0684,37.727,
22,22.3114,55.0728,13.8945,0,104.244,66.674,143.51,0,0,0,104.244,0.360452,0,0,0,0.360452,14.0707,3.26213,14.0707,4.6839,7.1923,-1.4853,3.26213,26.7965,0,0,0,26.7965,0,-24.8434,14.1339,-0.7967,0,0,0,0,14.0707,96.6539,3.0952,-0.0336,61.2123,96.6539,52.6296,-28.9772,51.4227,-20.977,52.6296,63.43,-6.7686,-2.3145,-3.8251,63.43,0,0,0,14.0707,96.6539,4.4527,10.5762,-36.0136,96.6539,32.3365,-12.5012,-26.6021,0.6446,32.3365,25.1387,-7.4842,1.6015,5.0599,25.1387,0,0,0,143.51,111.594,-9.7677,18.2799,0.6202,111.594,62.9791,12.1283,0,-3.7078,62.9791,19.9222,-9.9368,0,-5.4305,19.9222,0,0,0,66.674,111.594,-32.8649,-2.3993,-8.9816,111.594,86.4901,27.2757,0,9.5711,86.4901,35.7814,-9.4097,0,17.0679,35.7814,
23,22.1313,56.7015,13.0726,0,103.459,65.0789,144.449,0,0,0,103.459,0.360452,0,0,0,0.360452,14.0707,3.26231,14.0707,4.6914,5.823,-1.7369,3.26231,26.8298,0,0,0,26.8298,0,-22.4858,12.2955,1.8176,0,0,0,0,14.0707,96.6539,10.1561,0.6354,58.6354,96.6539,50.2418,-24.6207,57.0652,-23.8229,50.2418,68.8365,-8.8901,-2.6678,-3.8344,68.8365,0,0,0,14.0707,96.6539,4.567,10.0333,-35.0444,96.6539,31.2629,-14.827,-28.472,3.1338,31.2629,28.2139,-7.3141,1.8799,5.0132,28.2139,0,0,0,144.449,111.594,-10.5073,17.5592,0.2258,111.594,63.7193,10.9698,0,-3.2687,63.7193,18.7195,-9.9369,0,-5.4305,18.7195,0,0,0,65.0789,111.594,-32.7151,-2.6418,-9.0254,111.594,86.3448,26.3398,0,9.679,86.3448,34.9025,-9.4105,0,17.0673,34.9025,
24,20.8331,59.9934,11.8484,0,101.486,61.6778,145.987,0,0,0,101.486,0.360452,0,0,0,0.360452,14.0707,3.26225,14.0707,4.9385,2.8751,-1.4489,3.26225,27.0203,0,0,0,27.0203,0.0197823,-16.6025,7.9151,5.4155,0.0197823,0,0,0,14.0707,96.6539,8.5763,2.3747,59.7674,96.6539,51.257,-19.4414,61.6431,-23.9867,51.257,70.9772,-9.2446,-3.3121,-3.6487,70.9772,0,0,0,14.0707,96.6539,4.0236,8.9127,-33.0643,96.6539,29.134,-18.6848,-32.2265,7.2665,29.134,34.4744,-6.6028,2.4987,4.4329,34.4744,0,0,0,145.987,111.594,-10.482,16.7802,0.3064,111.594,63.6991,9.2293,0,-2.774,63.6991,16.9367,-9.9371,0,-5.4306,16.9367,0,0,0,61.6778,111.594,-32.2641,-2.5901,-8.4806,111.594,85.8529,26.2845,0,8.8549,85.8529,34.6766,-9.4115,0,17.0673,34.6766,
25,20.4581,60.9179,11.1254,0,100.751,60.8716,146.006,0,0,0,100.751,0.360452,0,0,0,0.360452,14.0707,3.26225,14.0707,5.4438,0.1907,-1.1712,3.26225,27.4777,0,0,0,27.4777,0,-11.385,3.0977,8.0884,0,0,0,0,14.0707,96.6539,12.7139,16.6574,52.904,96.6539,47.1495,-20.1095,61.625,-22.7539,47.1495,70.5882,-8.1311,-3.8045,-3.4028,70.5882,0,0,0,14.0707,96.6539,-0.011,11.8954,-29.1671,96.6539,28.4236,-24.0395,-37.6791,12.484,28.4236,43.8087,-8.044,3.0375,3.7311,43.8087,0,0,0,146.006,111.594,-11.0218,16.2568,1.3549,111.594,64.2559,8.5869,0,-3.155,64.2559,16.3445,-9.937,0,-5.4306,16.3445,0,0,0,60.8716,111.594,-32.001,-3.3911,-7.8671,111.594,85.5461,24.2865,0,8.7505,85.5461,32.7217,-9.4103,0,17.0673,32.7217,
26,21.2538,59.5172,11.221,0,101.386,62.6198,144.834,0,0,0,101.386,0.360994,0,0,0,0.360994,14.0707,3.26219,14.0707,5.6235,-1.1796,-1.1646,3.26219,27.6388,0,0,0,27.6388,0,-9.6971,0.2621,9.3963,0,0,0,0,14.0707,96.6539,29.8427,42.3643,31.2866,96.6539,49.9105,-29.2532,58.5558,-28.316,49.9105,74.8073,-7.1469,-3.9315,-3.281,74.8073,0,0,0,14.0707,96.6539,-1.618,16.9667,-23.3827,96.6539,29.11,-29.3793,-43.7858,18.6633,29.11,54.9836,-11.4278,3.2228,3.3195,54.9836,0,0,0,144.834,111.594,-11.8434,16.1586,2.1339,111.594,65.0964,8.6749,0,-3.6614,65.0964,16.5054,-9.9369,0,-5.4305,16.5054,0,0,0,62.6198,111.594,-31.8968,-4.0589,-7.8161,111.594,85.4389,21.8825,0,9.4391,85.4389,30.5708,-9.4101,0,17.0671,30.5708,
27,22.252,59.9813,11.6853,0,101.776,62.7702,145.118,0,0,0,101.776,0.360452,0,0,0,0.360452,14.0707,3.26225,14.0707,5.512,-1.6255,-1.5186,3.26225,27.531,0,0,0,27.531,0,-9.9785,-0.5206,9.5567,0,0,0,0,14.0707,96.6539,40.0795,60.2466,17.8604,96.6539,58.8471,-33.4461,59.6052,-31.3983,58.8471,79.5461,-6.4154,-3.8645,-3.2521,79.5461,0,0,0,14.0707,96.6539,1.2335,16.399,-17.4489,96.6539,25.9906,-31.9877,-49.5701,24.647,25.9906,65.3195,-13.6719,3.2083,3.1179,65.3195,0,0,0,145.118,111.594,-12.632,15.3992,2.7315,111.594,65.907,8.4352,0,-3.8136,65.907,16.2947,-9.937,0,-5.4305,16.2947,0,0,0,62.7702,111.594,-31.8322,-4.5586,-7.6237,111.594,85.3611,20.7483,0,9.8894,85.3611,29.6106,-9.4108,0,17.0671,29.6106,
28,22.5863,62.357,11.8313,0,101.381,61.1141,146.485,0,0,0,101.381,0.359909,0,0,0,0.359909,14.0707,3.26207,14.0707,5.4459,-1.6639,-2.5811,3.26207,27.5216,0,0,0,27.5216,0,-10.5326,-0.6833,9.6827,0,0,0,0,14.0707,96.6539,35.6238,63.9972,23.3735,96.6539,65.5114,-28.8394,60.7864,-27.0762,65.5114,75.7979,-6.0521,-3.7677,-3.2462,75.7979,0,0,0,14.0707,96.6539,4.7729,10.3829,-12.9426,96.6539,19.1318,-31.3505,-53.7362,28.7366,19.1318,71.7158,-13.7291,3.1547,2.982,71.7158,0,0,0,146.485,111.594,-13.6806,13.7446,4.3162,111.594,67.03,8.4043,0,-4.3392,67.03,16.3628,-9.937,0,-5.4305,16.3628,0,0,0,61.1141,111.594,-31.9252,-5.9911,-6.7579,111.594,85.3964,20.5126,0,9.9399,85.3964,29.4015,-9.4106,0,17.0672,29.4015,
29,22.2933,63.6563,11.8179,0,100.932,60.2967,146.848,0,0,0,100.932,0.359365,0,0,0,0.359365,14.0707,3.26219,14.0707,5.5248,-1.6228,-3.716,3.26219,27.7061,0,0,0,27.7061,0,-10.7709,-0.9315,10.3293,0,0,0,0,14.0707,96.6539,32.909,67.0822,26.4439,96.6539,69.8094,-27.497,56.9849,-25.1386,69.8094,70.6668,-5.9922,-3.7082,-3.233,70.6668,0,0,0,14.0707,96.6539,8.0215,5.7959,-11.1998,96.6539,14.5483,-29.9387,-56.7617,30.2134,14.5483,74.8034,-12.397,3.125,2.8546,74.8034,0,0,0,146.848,111.594,-13.9999,12.811,5.8403,111.594,67.4432,8.7141,0,-4.5275,67.4432,16.7039,-9.9369,0,-5.4305,16.7039,0,0,0,60.2967,111.594,-31.6516,-7.192,-6.0099,111.594,85.0783,21.2971,0,9.9262,85.0783,30.1411,-9.4103,0,17.0671,30.1411,
30,22.827,64.2139,12.3665,0,101.118,60.2385,147.134,0,0,0,101.118,0.359365,0,0,0,0.359365,14.0707,3.26219,14.0707,5.5375,-1.5471,-4.0737,3.26219,27.7643,0,0,0,27.7643,0,-10.6875,-0.9116,10.7837,0,0,0,0,14.0707,96.6539,33.8593,71.5568,24.2548,96.6539,72.8825,-28.4666,54.8584,-25.5557,72.8825,69.4163,-6.0178,-3.6833,-3.2145,69.4163,0,0,0,14.0707,96.6539,10.9603,2.7111,-9.436,96.6539,11.5867,-28.7475,-59.6357,29.0724,11.5867,76.0347,-9.8137,3.1194,2.692,76.0347,0,0,0,147.134,111.594,-13.6119,12.3524,6.8336,111.594,67.131,9.1083,0,-4.3079,67.131,17.045,-9.937,0,-5.4305,17.045,0,0,0,60.2385,111.594,-31.1993,-7.1235,-5.9828,111.594,84.6255,22.0887,0,9.9687,84.6255,30.9043,-9.4106,0,17.0671,30.9043,
31,23.679,65.5141,13.0454,0,101.318,59.4765,148.214,0,0,0,101.318,0.359909,0,0,0,0.359909,14.0707,3.26219,14.0707,5.4943,-1.4997,-3.8595,3.26219,27.6976,0,0,0,27.6976,0,-10.3513,-0.6041,11.062,0,0,0,0,14.0707,96.6539,31.9125,72.7514,25.7265,96.6539,74.4399,-26.6455,55.2117,-23.0476,74.4399,67.4342,-6.0095,-3.6657,-3.1969,67.4342,0,0,0,14.0707,96.6539,13.6405,-3.1498,-4.9502,96.6539,6.83828,-27.4853,-61.2201,27.7314,6.83828,76.0392,-7.3604,3.1231,2.497,76.0392,0,0,0,148.214,111.594,-13.4611,11.2178,7.7645,111.594,67.0622,9.95,0,-4.7084,67.0622,17.947,-9.937,0,-5.4305,17.947,0,0,0,59.4765,111.594,-30.8614,-6.6998,-6.2705,111.594,84.3053,22.1215,0,9.9869,84.3053,30.9403,-9.4106,0,17.0671,30.9403,
32,23.8583,66.7307,13.3742,0,101.265,58.5676,149.152,0,0,0,101.265,0.359909,0,0,0,0.359909,14.0707,3.26213,14.0707,5.6055,-1.5759,-3.6651,3.26213,27.7825,0,0,0,27.7825,0,-10.1813,-1.1317,11.9498,0,0,0,0,14.0707,96.6539,29.4647,73.3312,27.0639,96.6539,75.1018,-25.3445,53.0706,-20.5688,75.1018,63.4925,-5.9801,-3.6532,-3.1872,63.4925,0,0,0,14.0707,96.6539,14.7186,-9.4884,-2.22,96.6539,4.16165,-26.3751,-61.4693,27.6178,4.16165,75.7244,-7.6067,3.1267,2.3807,75.7244,0,0,0,149.152,111.594,-13.8942,10.0159,8.7382,111.594,67.5876,11.6655,0,-5.6888,67.5876,19.8283,-9.937,0,-5.4305,19.8283,0,0,0,58.5676,111.594,-30.3472,-6.8487,-6.3297,111.594,83.7956,21.5048,0,9.9716,83.7956,30.3505,-9.4104,0,17.0671,30.3505,
33,24.2755,67.7248,13.8964,0,101.438,57.8925,150.117,0,0,0,101.438,0.360452,0,0,0,0.360452,14.0707,3.26225,14.0707,5.733,-1.5642,-3.3422,3.26225,27.8759,0,0,0,27.8759,0,-10.5527,-2.2308,12.4627,0,0,0,0,14.0707,96.6539,29.5869,74.8004,26.4674,96.6539,76.1792,-26.0033,50.5782,-21.343,76.1792,61.9507,-5.9659,-3.6485,-3.1857,61.9507,0,0,0,14.0707,96.6539,12.9296,-12.3794,-4.955,96.6539,3.14442,-26.4877,-62.5154,27.9911,3.14442,76.9118,-9.5874,3.1281,2.3791,76.9118,0,0,0,150.117,111.594,-15.1028,9.3178,9.5557,111.594,68.8747,13.7022,0,-6.5745,68.8747,22.0067,-9.937,0,-5.4305,22.0067,0,0,0,57.8925,111.594,-30.1548,-7.9448,-6.4871,111.594,83.6119,20.1339,0,9.9644,83.6119,29.0504,-9.4105,0,17.0671,29.0504,
34,25.7477,69.6718,15.2867,0,101.683,56.5504,151.927,0,0,0,101.683,0.359365,0,0,0,0.359365,14.0707,3.26219,14.0707,5.6268,-1.2006,-2.4293,3.26219,27.7046,0,0,0,27.7046,0,-11.0221,-1.7646,10.5712,0,0,0,0,14.0707,96.6539,31.1441,75.1731,26.9928,96.6539,77.295,-27.4845,51.1254,-22.8926,77.295,63.9621,-5.9551,-3.6425,-3.1858,63.9621,0,0,0,14.0707,96.6539,11.479,-13.4722,-10.2153,96.6539,5.8205,-28.1255,-63.561,29.1155,5.8205,79.2117,-9.7779,3.1281,2.4133,79.2117,0,0,0,151.927,111.594,-16.7393,9.0931,9.5056,111.594,70.4962,15.0773,0,-7.0936,70.4962,23.4586,-9.937,0,-5.4305,23.4586,0,0,0,56.5504,111.594,-30.5778,-9.645,-7.1357,111.594,84.0728,18.4984,0,9.9799,84.0728,27.5146,-9.4106,0,17.0671,27.5146,
